line_id,user_id,plan_id,due_date_id,phone,status,start_date,end_date,created_at,updated_at
1,1,2,2,/GfWm6Kip1iU6KbcKLvcW+fgvPhn9cgZ0TR6zGfw08XaPpCxrVFqECQ=,ACTIVE,2025-05-12 00:00:00,,2025-05-12 00:00:00,2026-01-25 22:24:20
2,2,3,4,NcbvbFVLJGU8+qi5qrcLeOJ537SUu8V+CAbNAsNT9xCaFYqqNNVg3uM=,ACTIVE,2025-02-11 00:00:00,,2025-02-11 00:00:00,2026-01-25 22:24:20
3,3,3,2,HHCdT/9ocg5QwwYRofHeB8nQBl0Ysri6lWSI1eawLG1brTz1pVnRe6c=,ACTIVE,2025-03-23 00:00:00,,2025-03-23 00:00:00,2026-01-25 22:24:20
4,4,1,3,AtRW2O+uTXnGkOOgZ2SgqKcHOMsUWV+zJPdoiSZQkfTtbJ+cuvp6Otc=,ACTIVE,2025-09-27 00:00:00,,2025-09-27 00:00:00,2026-01-25 22:24:20
5,5,1,4,cU0JfEqpCPZfSbMFgXNNwH+mteFCiYKDVYNu4B0YVPgdCBDM+FFGc0o=,ACTIVE,2025-08-18 00:00:00,,2025-08-18 00:00:00,2026-01-25 22:24:20
6,6,1,2,3T+aCiHUbcAJZSkGLQoXdi6iFKfhmY4IQI7EDeYhdalNvC72cTkOr+g=,ACTIVE,2025-06-30 00:00:00,,2025-06-30 00:00:00,2026-01-25 22:24:20
7,7,2,4,AnR88srWf7GpWaqFZ3X1KuQwpRcj9IU4APP8lbogUnsOe1HjUeJg618=,ACTIVE,2025-06-19 00:00:00,,2025-06-19 00:00:00,2026-01-25 22:24:20
8,7,2,4,yBd/EEvjvOCO0aqzjtr15UuXhNsufjUf5ZqsrTeb+Cq3p8uFdxjNXHY=,ACTIVE,2025-06-18 00:00:00,,2025-06-18 00:00:00,2026-01-25 22:24:20
9,8,2,1,7KE3xf0QYMgJJweqA5Aq+hf506fovXMGI/64E0MRMrvlZtatML2tR20=,ACTIVE,2025-02-15 00:00:00,,2025-02-15 00:00:00,2026-01-25 22:24:20
10,9,3,3,rtHX26UjqDWdy2/z5XKs+PE3rvUwTqyS7xhmkebsHwsHL+gDqylFzfU=,ACTIVE,2025-06-10 00:00:00,,2025-06-10 00:00:00,2026-01-25 22:24:20
11,10,2,4,VqgrgBVvlVOvoqeQuN5GuClyw+VGdjx8J4Ocs+tCBKZFiZ1Dlll5T/k=,ACTIVE,2025-07-25 00:00:00,,2025-07-25 00:00:00,2026-01-25 22:24:20
12,10,3,2,4MlU8cC/wTS5bqCS+pxk/7F8fRLgBa346x54bpewxgVKIbY+CfdtMdU=,ACTIVE,2025-07-26 00:00:00,,2025-07-26 00:00:00,2026-01-25 22:24:20
13,11,1,4,08oSWp1BF/HNf0zvxJRFxazxNuktomiIeTYYn1PX/73O74YKcKVRyO0=,ACTIVE,2025-03-29 00:00:00,,2025-03-29 00:00:00,2026-01-25 22:24:20
14,12,3,4,T/nBUmtKLPHgfMWRfbUUuOnWaAzGR4nufF6LgQQ2krzx3wlfcCTs4Q4=,ACTIVE,2025-05-28 00:00:00,,2025-05-28 00:00:00,2026-01-25 22:24:20
15,13,3,2,F11Koygim9wW7Asl2uM9qTfdpKaUtGuxew5ibOzFkkR5hewNBviA6aw=,ACTIVE,2025-02-21 00:00:00,,2025-02-21 00:00:00,2026-01-25 22:24:20
16,13,1,3,dOYKOuIlyG/9rYVa+EX0U1TkyUKRVTwDKhs4LoyS0WlGLC4VSO8TMo8=,ACTIVE,2025-02-24 00:00:00,,2025-02-24 00:00:00,2026-01-25 22:24:20
17,14,3,3,OX5ukPAO/lUyMotEg4qeufHqFg1/TiF9V7JGzOM0lZThKt/4x2YCNoA=,ACTIVE,2025-06-25 00:00:00,,2025-06-25 00:00:00,2026-01-25 22:24:20
18,15,2,2,yoaGBc8sFwX7RTlZeysNpYcYSegenpHnipVzX0ycJKLxaLiNpT5iHjM=,ACTIVE,2025-04-02 00:00:00,,2025-04-02 00:00:00,2026-01-25 22:24:20
19,16,1,2,yfSLpjz+9UJh+a5JXMYGvRL059ujsXlTSq7PTVkWBPjvAMT2IAdXK30=,ACTIVE,2025-07-27 00:00:00,,2025-07-27 00:00:00,2026-01-25 22:24:20
20,16,1,1,zuUosQqYsO9v4JSemwdtqt2Peo24emCMRusgxVGjPBCGgaCTr5zuVM0=,ACTIVE,2025-07-25 00:00:00,,2025-07-25 00:00:00,2026-01-25 22:24:20
21,17,2,2,QM+ao6lGqSM2yD4AJ0YxWKinO21cBYciWYV66tb/b84W4e+S8aqj3RQ=,ACTIVE,2025-03-27 00:00:00,,2025-03-27 00:00:00,2026-01-25 22:24:20
22,17,3,4,8wnWnv83p5FFam+A5/EYkFPcO99Ipr7cRZbDd3avM9Hk/i6u6JbSx+o=,ACTIVE,2025-03-31 00:00:00,,2025-03-31 00:00:00,2026-01-25 22:24:20
23,18,1,4,EDcRj7ublCuFRxLQOpf/yVr7qlnnbnpZT3uqWLP1Q0NqKS20zWA82J0=,ACTIVE,2025-02-12 00:00:00,,2025-02-12 00:00:00,2026-01-25 22:24:20
24,19,3,1,QOawLdG+1t4J+yGLdxU8DybX8cvCbgsQa29AndnWJvAyBow6aZCO7Kc=,ACTIVE,2025-01-05 00:00:00,,2025-01-05 00:00:00,2026-01-25 22:24:20
25,19,3,2,1ebQ/HulM1yo4TgH2uLpnhB6zc3oUWXXmUTfbarQyQHk/mdRPYrgj1w=,ACTIVE,2025-01-08 00:00:00,,2025-01-08 00:00:00,2026-01-25 22:24:20
26,20,3,2,mRyxxvkcCbeU64SZYa19XLUuATVFmfmDwIn1XlmCvuy22XZ5CBalE7Q=,ACTIVE,2025-10-07 00:00:00,,2025-10-07 00:00:00,2026-01-25 22:24:20
27,21,2,2,WpsWQDwZ7fCjU+P8eU8YhZtrj9gmvKWAYeQKPfuRDgLNc52V2C1zlxg=,ACTIVE,2025-10-01 00:00:00,,2025-10-01 00:00:00,2026-01-25 22:24:20
28,21,2,3,ZFvgYDT2hl5Gu4HPUV21wx4vUAp1+D0LU+SLBEy2ft5sCLcpcNYMu6s=,ACTIVE,2025-10-01 00:00:00,,2025-10-01 00:00:00,2026-01-25 22:24:20
29,22,1,1,rKXDUn6W2VY+3K6Ww45Bd6jCeOVUbjK+0NEQb6sSPpOsLT4uqTIRENA=,ACTIVE,2025-04-30 00:00:00,,2025-04-30 00:00:00,2026-01-25 22:24:20
30,23,2,4,VQmEVlHPmlAiroph5zUDCrjp1bO2r8gbLagQM+pSoCybarBe2n4uSjo=,ACTIVE,2025-01-29 00:00:00,,2025-01-29 00:00:00,2026-01-25 22:24:20
31,23,2,4,A0mDW0MUI2z7N5xZfVzn1yW7YdeMhPMlvbWaKMqNhuGRpnnNdw1guGo=,ACTIVE,2025-01-27 00:00:00,,2025-01-27 00:00:00,2026-01-25 22:24:20
32,24,2,2,9neieLjy8g99VmANb/ffeuZo2uE7QmlFWarTEdM3NcV92lb2Qej9Wns=,ACTIVE,2025-02-23 00:00:00,,2025-02-23 00:00:00,2026-01-25 22:24:20
33,24,2,2,+K1F3KIps4O0yahFWIdhSeuJeXRwh10lXpgIYY4SVZ0fodGnUYAtPYA=,ACTIVE,2025-02-20 00:00:00,,2025-02-20 00:00:00,2026-01-25 22:24:20
34,25,1,2,Yj0dTeNRTqZRBnXWyy0O+UvKMdb1fcjSmk0vlSxrI2RZuZUT1dscU6g=,ACTIVE,2025-05-21 00:00:00,,2025-05-21 00:00:00,2026-01-25 22:24:20
35,26,2,2,GWdB4P5delR3ZyUIKrz/mX5Z8DKbl9+wrLyAN4MdZEaZ4bfNV4/Acl0=,ACTIVE,2025-09-22 00:00:00,,2025-09-22 00:00:00,2026-01-25 22:24:20
36,27,2,3,YiX13EFodXLnFOju0bBxQHgFDqvujLTCju3Y0WGdZnfs2at3fW7I6Wc=,ACTIVE,2025-03-05 00:00:00,,2025-03-05 00:00:00,2026-01-25 22:24:20
37,28,1,4,7+tcRFcMUteyU9xtIjWDYuW1ZtYGKk4b43P/b6QCXdYNH9k+WZZYpig=,ACTIVE,2025-05-04 00:00:00,,2025-05-04 00:00:00,2026-01-25 22:24:20
38,29,3,2,INDLMnOftCwgWrpQ21PoOX4puu1RGRXKjjUl8CgKFhiF8lyFEux0Ccc=,ACTIVE,2025-06-21 00:00:00,,2025-06-21 00:00:00,2026-01-25 22:24:20
39,30,3,4,/2dOG/HWosQw0Pa3g8qgs+RKPL55/3ABem+fCA+6fOXWvmrElV45Oo4=,ACTIVE,2025-04-01 00:00:00,,2025-04-01 00:00:00,2026-01-25 22:24:20
40,31,3,3,9pWhFL28UsYn8043AKBTQQkigX6VPwx5wUsDgisd+lA8CmkS2GaYLpE=,ACTIVE,2025-06-07 00:00:00,,2025-06-07 00:00:00,2026-01-25 22:24:20
41,32,1,1,oTX31yruSxMWarE4Ze6GkLeVoN8SNsjCvT5DnoS962zDzFTHYSOrHyA=,ACTIVE,2025-09-15 00:00:00,,2025-09-15 00:00:00,2026-01-25 22:24:20
42,33,3,3,rNVB5dXWSpbAndyX0AeA2aqBZQQLACrpsHMNgM8WDzmjrUNsb++PK+Q=,ACTIVE,2025-02-09 00:00:00,,2025-02-09 00:00:00,2026-01-25 22:24:20
43,34,2,1,NNeJzmNOLgoq3TtZCrQyxtSAa85ZpQaGcbTl6RFkHErAHo8PpNworX4=,ACTIVE,2025-01-26 00:00:00,,2025-01-26 00:00:00,2026-01-25 22:24:20
44,34,2,4,MTneQuQxOLzsaYEZeDLAn+0hhs/nM7Rz+j2Z9r6VzYCe6FyCO2Co7l4=,ACTIVE,2025-01-27 00:00:00,,2025-01-27 00:00:00,2026-01-25 22:24:20
45,35,3,4,nuN3LuHeOolbCWDGqDEGdaNJO7rLcHiuI6bZIyMmMCiFhY/7W7V5ej8=,ACTIVE,2025-05-07 00:00:00,,2025-05-07 00:00:00,2026-01-25 22:24:20
46,36,3,3,zP/HVwrp8GPbveuFZz+YRENYDt5yIo0RfSjxrqmXN/71SWPRxszed3Y=,ACTIVE,2025-04-08 00:00:00,,2025-04-08 00:00:00,2026-01-25 22:24:20
47,37,2,1,HEyhFV0pRlJr9/li6UEWEEWMBm/bWzSz9LBf7VCgY+fm76MWeZ5zs9M=,ACTIVE,2025-08-30 00:00:00,,2025-08-30 00:00:00,2026-01-25 22:24:20
48,38,2,1,+fJJFvCBwqo7JTmrEhqWrW+NHAl4HBMtd0az2XGcHZMZ/WSmXojBfds=,ACTIVE,2025-07-01 00:00:00,,2025-07-01 00:00:00,2026-01-25 22:24:20
49,39,3,1,w4d++gnR2lPxuUDk3V5D9I+bEHzRMSuiw91RTIf1BoXSCuTCoLJFPng=,ACTIVE,2025-07-08 00:00:00,,2025-07-08 00:00:00,2026-01-25 22:24:20
50,40,2,2,DeiRT5b5uRVyKgx13YELrtixHaJKC6KOKbnTGoVxz+2OXAW4HIG9Wtk=,ACTIVE,2025-05-10 00:00:00,,2025-05-10 00:00:00,2026-01-25 22:24:20
51,41,1,1,EEKFY2Pv4HaUF6wGtko1hWM6eNjO/oFUw0StkYvD3Chp5V5bjun0pXA=,ACTIVE,2025-02-24 00:00:00,,2025-02-24 00:00:00,2026-01-25 22:24:20
52,42,2,1,87S93jLvpFjwA3n3yqAcSBiBIjUV+cvnwB5Xq4+3+csgZc67hiP7ALo=,ACTIVE,2025-02-03 00:00:00,,2025-02-03 00:00:00,2026-01-25 22:24:20
53,43,1,1,ogANl22nZZuOKA3DSqw2P5UEWSUuqk4HgDp3eZ/Z76+P4APOg1IfYug=,ACTIVE,2025-05-13 00:00:00,,2025-05-13 00:00:00,2026-01-25 22:24:20
54,44,1,1,mQ+PWgfwODtAgIIIDyOSPdvMCV9aYnydD4q1mi7lwqzv7IkQiaTwaUg=,ACTIVE,2025-07-27 00:00:00,,2025-07-27 00:00:00,2026-01-25 22:24:20
55,45,3,3,cCv9fDwsxt8Wkwgs/f/IwH3Sbjj1iVJxiY3Wc+R459Aks+kuR/c9EVQ=,ACTIVE,2025-08-10 00:00:00,,2025-08-10 00:00:00,2026-01-25 22:24:20
56,46,1,1,Ig8Ewki5kk1oHI2e23OfC6hQ5tYddlP2z5mVrDFWz4AVc/A5TJhKLG0=,ACTIVE,2025-01-18 00:00:00,,2025-01-18 00:00:00,2026-01-25 22:24:20
57,47,2,3,aXQHW+kYEBKeZQvq+swLJCL1/RMiyRTqmrlxUijLXSunh+kHgDmLtYs=,ACTIVE,2025-10-29 00:00:00,,2025-10-29 00:00:00,2026-01-25 22:24:20
58,47,3,3,dZ73fNB80NC1oCUiAiOXrIOm/KjlvWtwYnIUsaRJpVieUwqhUFRpLQM=,ACTIVE,2025-10-28 00:00:00,,2025-10-28 00:00:00,2026-01-25 22:24:20
59,48,1,3,YBr0WOSQrafUHcmelXxVX6pL3KCLH0+tJQpqf6WorpWda4Z0QRoowBc=,ACTIVE,2025-06-30 00:00:00,,2025-06-30 00:00:00,2026-01-25 22:24:20
60,49,3,3,CuUVQ3rElxIJtfJyGdJiIwayMaCSLXjft/3mPx4YlnEU2yRD2NRd55o=,ACTIVE,2025-06-03 00:00:00,,2025-06-03 00:00:00,2026-01-25 22:24:20
61,50,1,4,jv+WCKgXJGCwMOQrjfTVUNFRyKZroCUkFDH6AtEdU8FYOF3BEknR41k=,ACTIVE,2025-01-10 00:00:00,,2025-01-10 00:00:00,2026-01-25 22:24:20
62,51,2,3,+rzOY7skFMs1G7NnmAjJ2G0Lly4zZsHI7N15XZDjA2CaNa7K0dCDHQQ=,ACTIVE,2025-05-21 00:00:00,,2025-05-21 00:00:00,2026-01-25 22:24:20
63,52,2,3,nhRIxzzpHQumQ3W2+uuwGhjDcT/j6kSrLn8IV12hprGm/gascyW3raQ=,ACTIVE,2025-09-28 00:00:00,,2025-09-28 00:00:00,2026-01-25 22:24:20
64,52,1,1,yGsF98XouA1RJlQlS9s1kn7OJ7udA2AkUjYcBu/luaqx83pVCkBKOvc=,ACTIVE,2025-09-29 00:00:00,,2025-09-29 00:00:00,2026-01-25 22:24:20
65,53,3,4,i5ofXECWNbthb4AhrHuGrw/sWQ6e40hTSTW9TJ5VJNs64XlBPrW/2pE=,ACTIVE,2025-06-19 00:00:00,,2025-06-19 00:00:00,2026-01-25 22:24:20
66,54,1,3,CHBsk/9cseJnTTKksFH1PgTVLqaZaF1SgQOVUS+S1tb9I7RHcPxlMbA=,ACTIVE,2025-05-03 00:00:00,,2025-05-03 00:00:00,2026-01-25 22:24:20
67,55,3,2,EDozyChtF0oQf9L72651YVSitoKQ3inqQmgSG6gLZTAN4Wp2Mek3IJM=,ACTIVE,2025-09-08 00:00:00,,2025-09-08 00:00:00,2026-01-25 22:24:20
68,56,2,2,LzMX2o5V149HXAva3JKfjdNebP0Hf26MwZoSbTX6srtc0Gyov996v0w=,ACTIVE,2025-09-12 00:00:00,,2025-09-12 00:00:00,2026-01-25 22:24:20
69,57,1,1,hWTQHo5I2S7pcJvKCS+OxjfI3+IwN9QqwIKH+ZbrrrDG7B7t8bJn5eY=,ACTIVE,2025-10-11 00:00:00,,2025-10-11 00:00:00,2026-01-25 22:24:20
70,58,2,3,h6R9y1aBQ1ZvBOxXAWhvULQF8V+pwa1RgemlPX3npGZktql7cVLmzv0=,ACTIVE,2025-03-11 00:00:00,,2025-03-11 00:00:00,2026-01-25 22:24:20
71,59,1,3,ZWzYNUGMCehUu/gs6fnsGVDszh/Ak+MmaeUagPpHWKimVYuzveTllp0=,ACTIVE,2025-03-17 00:00:00,,2025-03-17 00:00:00,2026-01-25 22:24:20
72,60,1,4,KSd8RLPffvMqjiYW/QzdhtLHIKfHjy50crirHyQqK+rGph8nhhSUJuM=,ACTIVE,2025-04-15 00:00:00,,2025-04-15 00:00:00,2026-01-25 22:24:20
73,61,1,4,L+3uGP1M4ksG7O8ZTfIIfm1+aBryJOyAckMFwecN7jqQ84CaSPeVlfk=,ACTIVE,2025-05-09 00:00:00,,2025-05-09 00:00:00,2026-01-25 22:24:20
74,62,3,3,FXuOXuOW72KPaV/p/HlU24O3vkepkQzjc6iI0bKQTXVFOdIocPSwysw=,ACTIVE,2025-09-09 00:00:00,,2025-09-09 00:00:00,2026-01-25 22:24:20
75,63,3,1,rIVDrN12RorbxrIMkBEpeOddM2vBpOzeume6ZM9yMLdBHXAGd+PTrl8=,ACTIVE,2025-02-08 00:00:00,,2025-02-08 00:00:00,2026-01-25 22:24:20
76,63,1,1,Dvt6MKPLMI463U8w/NsAJhV0nFNnri83Xe4e4ODLxWwh4xdll8AJm+o=,ACTIVE,2025-02-04 00:00:00,,2025-02-04 00:00:00,2026-01-25 22:24:20
77,64,3,2,zqyU4+Jw7Amw3yZ8WTsJNLJd5NaevWHgLfmi9P4sPsFrOLAagzkWD94=,ACTIVE,2025-04-07 00:00:00,,2025-04-07 00:00:00,2026-01-25 22:24:20
78,64,1,3,NXSBppZ74j/w1beEwtKGVMMhxN04M0lbJ/b9vJbjh9fY+lkhqsreIb8=,ACTIVE,2025-04-07 00:00:00,,2025-04-07 00:00:00,2026-01-25 22:24:20
79,64,1,1,difcBO+3NAZgdCQKg6K2P63Gn88OFv+xBE0G61S11AH4jRDxyuRjDJM=,ACTIVE,2025-04-09 00:00:00,,2025-04-09 00:00:00,2026-01-25 22:24:20
80,65,2,2,DIncGI+uwZKFGC64iBY5do1X99Lj+G7Q5vm0y7+k74WstaRzdBkEJJY=,ACTIVE,2025-05-08 00:00:00,,2025-05-08 00:00:00,2026-01-25 22:24:20
81,66,1,3,1VosrgmoOlZvfRqQP3bJWbDH+tMFiR/TWaywK97DcWpsIqURUqTYeHo=,ACTIVE,2025-10-14 00:00:00,,2025-10-14 00:00:00,2026-01-25 22:24:20
82,67,2,1,fkezAuo9YPfiUJOLMUouFoizSvc4Fo1Kgo+mMtCFR1/arv9w6Ke7W8k=,ACTIVE,2025-05-18 00:00:00,,2025-05-18 00:00:00,2026-01-25 22:24:20
83,68,1,4,ojs6ognOh6AaA2WuNm/0B97HV7TR2PknNQa/Ah6n8Wt0uE2jMd2L8hU=,ACTIVE,2025-06-28 00:00:00,,2025-06-28 00:00:00,2026-01-25 22:24:20
84,69,3,2,+Wm/v45K9FWMgLoAE1o7pJ9AP1/OYFg5iwbtXMi+RZApU4mStn0uQBw=,ACTIVE,2025-02-02 00:00:00,,2025-02-02 00:00:00,2026-01-25 22:24:20
85,70,3,3,jF4QPUZsWzh9Mf7cHb2wSLxi/Os7aUzpZzlvqKES/xAxLnVtVRtEOPs=,ACTIVE,2025-05-25 00:00:00,,2025-05-25 00:00:00,2026-01-25 22:24:20
86,71,3,3,Yv6SJKUe28d0iXw+FC9uZpgu6l1fU7WzSxCGeLPU44E2RgTaEQbOnZw=,ACTIVE,2025-03-03 00:00:00,,2025-03-03 00:00:00,2026-01-25 22:24:20
87,72,2,2,EiH8icD9Bob3CwNpawqpSVqG6zMgAC5LWB3BxVTfN3+FoBHJoQC5zYY=,ACTIVE,2025-04-28 00:00:00,,2025-04-28 00:00:00,2026-01-25 22:24:20
88,73,3,2,B/MdaF53FRjGRROWeLtVCFgQscsFtinYknZ28p9knXRmst30JF9IVb8=,ACTIVE,2025-08-28 00:00:00,,2025-08-28 00:00:00,2026-01-25 22:24:20
89,73,2,3,7dyI4R5uCzAOBFw/9IZ+a3VU6IAL1Ey75s+v348j/NKJXIYnAu4zsqE=,ACTIVE,2025-08-28 00:00:00,,2025-08-28 00:00:00,2026-01-25 22:24:20
90,74,2,1,sY5KY879cwLrrgDMPbDF9J+HiXT6B3oNKBCf03LRbq+JGDjOj5N3/AI=,ACTIVE,2025-05-19 00:00:00,,2025-05-19 00:00:00,2026-01-25 22:24:20
91,75,3,4,pIYkCzcYyYeoSbAKl9Vdl5TEqn5zrsVPzcs1J9huG9oCbxt0OmyHajs=,ACTIVE,2025-09-10 00:00:00,,2025-09-10 00:00:00,2026-01-25 22:24:20
92,76,2,3,fpnqDttqoWbpxWFtZHWKrIOcYGovswYO92MUBny9RSdfsJsMZxtJSL4=,ACTIVE,2025-02-10 00:00:00,,2025-02-10 00:00:00,2026-01-25 22:24:20
93,77,2,3,rIk8hWn2IHxudYTmRrEqUTQAIlnaQIrnOyOTrPU08q8rK2F8yx0aV14=,ACTIVE,2025-08-13 00:00:00,,2025-08-13 00:00:00,2026-01-25 22:24:20
94,78,3,1,gliR5zuqE//ZXXH6yZT7DbJuit3JJIxpiL8rfA67GzkZTWXcR+S06Hs=,ACTIVE,2025-05-24 00:00:00,,2025-05-24 00:00:00,2026-01-25 22:24:20
95,79,2,3,T4cr1SFPj8wEWdue8yfhCet5iExFLvFJHQKuHfw+vduuzA710n3wJBY=,ACTIVE,2025-05-20 00:00:00,,2025-05-20 00:00:00,2026-01-25 22:24:20
96,80,3,2,7cWKe61vkvyouKamYIx9NmoKKYT4Yss5Y30ciKNN1cXOBk5o5F/fUgs=,ACTIVE,2025-07-28 00:00:00,,2025-07-28 00:00:00,2026-01-25 22:24:20
97,81,2,1,ONxKr3+8lH5erAgyCaFHuTp8qShS1wAByaeOCLkODQZgCBbnNt/mBTU=,ACTIVE,2025-10-05 00:00:00,,2025-10-05 00:00:00,2026-01-25 22:24:20
98,81,1,4,jJ+W+1RzWwskhk+7U/jk1/3DtY46RY1qjIKikOHATS0X7ylhTbthfLI=,ACTIVE,2025-10-03 00:00:00,,2025-10-03 00:00:00,2026-01-25 22:24:20
99,81,2,4,eSnSR6pZLpE5Ck15CYUZsXcf+PGRBXiaDsMv0aEdDEWZSN0sYlSJziU=,ACTIVE,2025-10-03 00:00:00,,2025-10-03 00:00:00,2026-01-25 22:24:20
100,82,1,4,o1V0S+awC1qAxXLii6rUpEdFXdJaf890pzML9c3dZfBDDaVf5FO2q4c=,ACTIVE,2025-01-12 00:00:00,,2025-01-12 00:00:00,2026-01-25 22:24:20
101,82,3,4,BeOcLJUDrS0eKg5DkAW7Y9nOsKUTLJuPl++aQCRya7wksPegafQk2e8=,ACTIVE,2025-01-10 00:00:00,,2025-01-10 00:00:00,2026-01-25 22:24:20
102,83,2,4,E/Y2l9pwk024OnkYH+10ozB4d9wqnXwinKfOe7UEQRcKSMjJqktRViE=,ACTIVE,2025-10-31 00:00:00,,2025-10-31 00:00:00,2026-01-25 22:24:20
103,84,2,3,xBmtgxuIOqyuMalX2m0PGClW1k5B+JlxdSo4nDmF5sNH58mR1shxbeA=,ACTIVE,2025-09-17 00:00:00,,2025-09-17 00:00:00,2026-01-25 22:24:20
104,85,1,2,hlUM0vT3Y2t8CO8RqS3hLHIr/Rekm4NT1p1AD498ZovCJCzuIdhfOOs=,ACTIVE,2025-02-12 00:00:00,,2025-02-12 00:00:00,2026-01-25 22:24:20
105,86,3,1,x/tmQ0pD/OSml9f7zm+DjSubzSHEdE/revof0j2k/ai8iS0HcategUM=,ACTIVE,2025-07-30 00:00:00,,2025-07-30 00:00:00,2026-01-25 22:24:20
106,87,2,2,Z+Xb6kjXtF7714ZwHc0Bx6k8ELopIE3yqgbfkpZgpftWkzpyCGcJV9Q=,ACTIVE,2025-08-26 00:00:00,,2025-08-26 00:00:00,2026-01-25 22:24:20
107,88,2,4,qETrw4fdYw1fv2Q+7BiSbWsvwq6o4va59jEzBPZEiaGZ/4J2qDCZYBY=,ACTIVE,2025-05-20 00:00:00,,2025-05-20 00:00:00,2026-01-25 22:24:20
108,89,2,3,wn165cJsq+HbSq5rAzVqqMJEsx6g4ec2FwSU78Nu7Bg5SJKR0XGbxKQ=,ACTIVE,2025-06-07 00:00:00,,2025-06-07 00:00:00,2026-01-25 22:24:20
109,90,1,4,z1TZPix6y1PWqeaZkImN5zqm+UpL0CEsr2CDBu7vQQiH7MtYNo5eal4=,ACTIVE,2025-09-07 00:00:00,,2025-09-07 00:00:00,2026-01-25 22:24:20
110,90,1,1,XC3JkL0yKoLfo4TvlXdb8ie7UoRlzFP6I6iIP1DgWu+YNvV9tFoR3y0=,ACTIVE,2025-09-09 00:00:00,,2025-09-09 00:00:00,2026-01-25 22:24:20
111,90,3,3,AFXE8jPm8acb6WCAbV+cBhTNRrz8LTJFKexTO0hokru/NeIJD4s2X84=,ACTIVE,2025-09-05 00:00:00,,2025-09-05 00:00:00,2026-01-25 22:24:20
112,91,1,4,+NK/Ya2m8lWITWGoAiBQ9tn7PWo5UddN57NKfGf0cPIqUS6pLjIcm8U=,ACTIVE,2025-02-06 00:00:00,,2025-02-06 00:00:00,2026-01-25 22:24:20
113,92,1,1,pXRztmBh2VSk3rcbM5LLvCMSrfcdA8u7xEw5GIxsQWdARiQTX4gIBaE=,ACTIVE,2025-04-14 00:00:00,,2025-04-14 00:00:00,2026-01-25 22:24:20
114,93,3,2,rhnXUGBv5JaUKjtNFYlmfXlPiExmHVXVch2Qpcz8AXrLThrlWotFRUw=,ACTIVE,2025-07-12 00:00:00,,2025-07-12 00:00:00,2026-01-25 22:24:20
115,94,1,4,u4/I6sXkcKJMHwlFkNTLkdb7Djq9QI6Xen3tH2+XOVF8FPX1dm+mIGQ=,ACTIVE,2025-08-17 00:00:00,,2025-08-17 00:00:00,2026-01-25 22:24:20
116,95,1,2,jB+LA1Q1+5XIraiKOZUWNy8ktn6ZAXdzQVvBmESDBP3HtEwrrFGbzdE=,ACTIVE,2025-01-13 00:00:00,,2025-01-13 00:00:00,2026-01-25 22:24:20
117,96,3,3,yFn05P9T39c0HkSB2I4w+dTZZsHDfaf+vUKNZxNSxm/9CB+qjr9Kl/Q=,ACTIVE,2025-07-15 00:00:00,,2025-07-15 00:00:00,2026-01-25 22:24:20
118,96,2,2,HxCQYwxJA22IwUHMY9r0S2WBe43RKa3kJ50ORYD37FiNMHD5e/blkwc=,ACTIVE,2025-07-16 00:00:00,,2025-07-16 00:00:00,2026-01-25 22:24:20
119,96,1,1,sRyiZ3e2SraPRGwcE0i8IkkB5GmdviR7EeUb+ngBsHre3Bfq7oYL1DE=,ACTIVE,2025-07-17 00:00:00,,2025-07-17 00:00:00,2026-01-25 22:24:20
120,97,3,1,LtLSN2CWPYJMdXXF2NDvQ8QMMX1FR+WGvNg9+pT5DCWJ0Uj+zClgPcw=,ACTIVE,2025-08-13 00:00:00,,2025-08-13 00:00:00,2026-01-25 22:24:20
121,98,2,3,SibVM0TEvMpkgNkzRSYfZaDmy0ZI5BCgWwSuvgCpT+vgut7g1PvINRg=,ACTIVE,2025-09-21 00:00:00,,2025-09-21 00:00:00,2026-01-25 22:24:20
122,99,3,4,PCaawfcgN/4FMlx4luihWZp2qF43BT+M2InOI+v/eC+aq1Yof8Ha2FE=,ACTIVE,2025-05-26 00:00:00,,2025-05-26 00:00:00,2026-01-25 22:24:20
123,100,3,3,MGoK41nL5bzurGyZnVAFeBBIiHkreTuLYcgcvZ/MTsQrIKb7iiLmge8=,ACTIVE,2025-08-21 00:00:00,,2025-08-21 00:00:00,2026-01-25 22:24:20
